{"title":"Matching pursuits with time-frequency dictionaries","articleId":"258082","publisher":"IEEE","doi":"10.1109/78.258082","dirStructure":"/The Power of Convex .../Robust uncertainty p.../Greed is good: algor.../Matching pursuits wi...","authors":"S.G. Mallat,  Zhifeng Zhang ","referenced_articles":[{"title":"Time-frequency distributions-a review","articleId":"30749","id":"0-0-5-2-0"},{"title":"Entropy-based algorithms for best basis selection","articleId":"119732","id":"0-0-5-2-1"},{"title":"The wavelet transform, time-frequency localization and signal analysis","articleId":"57199","id":"0-0-5-2-2"},{"title":"Vector quantization","articleId":"1162229","id":"0-0-5-2-3"},{"title":"Wavelets and signal processing","articleId":"91217","id":"0-0-5-2-4"},{"title":"Product code vector quantizers for waveform and voice coding","articleId":"1164346","id":"0-0-5-2-5"}]}