{"title":"Locating and correcting errors in images","articleId":"648007","publisher":"IEEE","doi":"10.1109/ICIP.1997.648007","dirStructure":"/The Power of Convex .../Robust uncertainty p.../Sampling signals wit.../Locating and correct...","authors":"P.J.S.G. Ferreira, J.M.N. Vieira ","referenced_articles":[{"title":"A new algorithm in spectral analysis and band-limited extrapolation","articleId":"1084118","id":"0-0-7-0-0"},{"title":"Extrapolation algorithms for discrete signals with application in spectral estimation","articleId":"1163639","id":"0-0-7-0-1"},{"title":"An extrapolation procedure for band-limited signals","articleId":"1163187","id":"0-0-7-0-2"},{"title":"On the extrapolation of band-limited functions with energy constraints","articleId":"1164184","id":"0-0-7-0-3"},{"title":"Convergence criteria for iterative restoration methods","articleId":"1164013","id":"0-0-7-0-4"},{"title":"Discrete and continuous band-limited signal extrapolation","articleId":"1164187","id":"0-0-7-0-5"},{"title":"Some aspects of band-limited signal extrapolation: Models, discrete approximations, and noise","articleId":"1164232","id":"0-0-7-0-6"},{"title":"An improved version of Papoulis-Gerchberg algorithm on band-limited extrapolation","articleId":"1164333","id":"0-0-7-0-7"},{"title":"Error analysis of a class of constrained iterative restoration algorithms","articleId":"1164741","id":"0-0-7-0-8"},{"title":"Interpolation and the discrete Papoulis-Gerchberg algorithm","articleId":"324726","id":"0-0-7-0-9"},{"title":"Noniterative and fast iterative methods for interpolation and extrapolation","articleId":"330398","id":"0-0-7-0-10"},{"title":"Interpolation in the time and frequency domains","articleId":"503282","id":"0-0-7-0-11"},{"title":"Interpolation, spectrum analysis, error-control coding, and fault-tolerant computing","articleId":"598893","id":"0-0-7-0-12"},{"title":"Noniterative reconstruction of band limited signals and coding techniques","articleId":"555482","id":"0-0-7-0-13"},{"title":"The duality of two recent image interpolation methods","articleId":"560798","id":"0-0-7-0-14"},{"title":"The stability of certain image restoration problems: Quantitative results","articleId":"537407","id":"0-0-7-0-15"},{"title":"Errorless restoration algorithms for band-limited images","articleId":"413868","id":"0-0-7-0-16"}]}