{"title":"A local update strategy for iterative reconstruction from projections","articleId":"193196","publisher":"IEEE","doi":"10.1109/78.193196","dirStructure":"/The Power of Convex .../Robust uncertainty p.../A fast and accurate .../A local update strat...","authors":"K. Sauer, C. Bouman ","referenced_articles":[{"title":"Towards Imaging the Beating Heart Usefully with a Conventional CT Scanner","articleId":"4121175","id":"0-0-0-7-0"},{"title":"Reconstruction of Fuel Pin Bundles by a Maximum Entropy Method","articleId":"4330512","id":"0-0-0-7-1"},{"title":"Image Reconstruction with Limited Angle Projection Data","articleId":"4330507","id":"0-0-0-7-2"},{"title":"Tomographic image reconstruction using the theory of convex projections","articleId":"3928","id":"0-0-0-7-3"},{"title":"The Use of Sieves to Stabilize Images Produced with the EM Algorithm for Emission Tomography","articleId":"4334521","id":"0-0-0-7-4"},{"title":"Constrained Iterative Reconstruction by the Conjugate Gradient Method","articleId":"4307698","id":"0-0-0-7-5"},{"title":"Computerized tomography with X-ray, emission, and ultrasound sources","articleId":"1455709","id":"0-0-0-7-6"},{"title":"Bayes Smoothing Algorithms for Segmentation of Binary Images Modeled by Markov Random Fields","articleId":"4767595","id":"0-0-0-7-7"},{"title":"Modeling and Segmentation of Noisy and Textured Images Using Gibbs Random Fields","articleId":"4767871","id":"0-0-0-7-8"},{"title":"Stochastic Relaxation, Gibbs Distributions, and the Bayesian Restoration of Images","articleId":"4767596","id":"0-0-0-7-9"},{"title":"Multiple resolution segmentation of textured images","articleId":"67641","id":"0-0-0-7-10"},{"title":"Estimation and choice of neighbors in spatial-interaction models of images","articleId":"1056610","id":"0-0-0-7-11"},{"title":"Advances in mathematical models for image processing","articleId":"1456289","id":"0-0-0-7-12"},{"title":"Segmentation of textured images using a multiple resolution approach","articleId":"196794","id":"0-0-0-7-13"}]}