{"title":"Preconditioning methods for improved convergence rates in iterative reconstructions","articleId":"222670","publisher":"IEEE","doi":"10.1109/42.222670","dirStructure":"/The Power of Convex .../Robust uncertainty p.../A fast and accurate .../Preconditioning meth...","authors":"N.H. Clinthorne, T.-S. Pan, P.-C. Chiao, W.L. Rogers, J.A. Stamos ","referenced_articles":[{"title":"Discretization and solution of elliptic PDEs-a digital signal processing approach","articleId":"60919","id":"0-0-0-8-0"},{"title":"Constrained iterative restoration algorithms","articleId":"1456255","id":"0-0-0-8-1"},{"title":"The Application of Constrained Least Squares Estimation to Image Restoration by Digital Computer","articleId":"5009169","id":"0-0-0-8-2"},{"title":"Image reconstruction and restoration: overview of common estimation structures and problems","articleId":"45551","id":"0-0-0-8-3"},{"title":"Implementing and Accelerating the EM Algorithm for Positron Emission Tomography","articleId":"4307796","id":"0-0-0-8-4"},{"title":"Object-dependent performance comparison of two iterative reconstruction algorithms","articleId":"12797","id":"0-0-0-8-5"}]}