{"title":"A sampling theorem for periodic piecewise polynomial signals","articleId":"940694","publisher":"IEEE","doi":"10.1109/ICASSP.2001.940694","dirStructure":"/The Power of Convex .../Robust uncertainty p.../Sampling signals wit.../A sampling theorem f...","authors":"M. Vetterli, P. Marziliano, T. Blu ","referenced_articles":[{"title":"On the necessary density for spectrum-blind nonuniform sampling subject to quantization","articleId":"861970","id":"0-0-7-3-0"},{"title":"Sampling-50 years after Shannon","articleId":"843002","id":"0-0-7-3-1"}]}