{"title":"A Bayesian approach to image expansion for improved definition","articleId":"287017","publisher":"IEEE","doi":"10.1109/83.287017","dirStructure":"/The Power of Convex .../Robust uncertainty p.../A fast and accurate .../A Bayesian approach ...","authors":"R.R. Schultz, R.L. Stevenson ","referenced_articles":[{"title":"A generalized Gaussian image model for edge-preserving MAP estimation","articleId":"236536","id":"0-0-0-13-0"},{"title":"Image Decimation and Interpolation Techniques Based on Frequency Domain Analysis","articleId":"1096069","id":"0-0-0-13-1"},{"title":"Two-dimensional interpolation by generalized spline filters based on partial differential equation image models","articleId":"1164588","id":"0-0-0-13-2"},{"title":"Stochastic Relaxation, Gibbs Distributions, and the Bayesian Restoration of Images","articleId":"4767596","id":"0-0-0-13-3"},{"title":"Cubic splines for image interpolation and digital filtering","articleId":"1163154","id":"0-0-0-13-4"},{"title":"Computing motion using analog and binary resistive networks","articleId":"31","id":"0-0-0-13-5"},{"title":"Cubic convolution interpolation for digital image processing","articleId":"1163711","id":"0-0-0-13-6"},{"title":"Simultaneous parameter estimation and segmentation of Gibbs random fields using simulated annealing","articleId":"31443","id":"0-0-0-13-7"},{"title":"A Maximum a Posteriori Probability Expectation Maximization Algorithm for Image Reconstruction in Emission Tomography","articleId":"4307826","id":"0-0-0-13-8"},{"title":"Edge-Detector Resolution Improvement by Image Interpolation","articleId":"4767926","id":"0-0-0-13-9"},{"title":"Comparison of Interpolating Methods for Image Resampling","articleId":"4307610","id":"0-0-0-13-10"},{"title":"Analysis and diagnostics of the brain-stem ultrasound images","articleId":"4381142","id":"0-0-0-13-11"},{"title":"Improved definition image expansion","articleId":"226248","id":"0-0-0-13-12"},{"title":"Discontinuity preserving regularization of inverse visual problems","articleId":"278994","id":"0-0-0-13-13"},{"title":"A study of methods of choosing the smoothing parameter in image restoration by regularization","articleId":"88568","id":"0-0-0-13-14"},{"title":"Fast B-spline transforms for continuous image representation and interpolation","articleId":"75515","id":"0-0-0-13-15"}]}