{"title":"Using a new uncertainty measure to determine optimal bases for signal representations","articleId":"756234","publisher":"IEEE","doi":"10.1109/ICASSP.1999.756234","dirStructure":"/The Power of Convex .../Robust uncertainty p.../Uncertainty principl.../Using a new uncertai...","authors":"T. Przebinda, V. DeBrunner, M. Ozaydin ","referenced_articles":[{"title":"Filter banks with maximum coding gain and energy compaction","articleId":"540509","id":"0-0-1-5-0"},{"title":"On the study of lossless time-varying filter banks","articleId":"540512","id":"0-0-1-5-1"},{"title":"Multiple transform algorithms for time-varying signal representation","articleId":"618041","id":"0-0-1-5-2"},{"title":"Lapped multiple bases algorithms for still image compression without blocking effect","articleId":"623194","id":"0-0-1-5-3"},{"title":"An efficient structure and algorithm for image representation using nonorthogonal basis images","articleId":"633439","id":"0-0-1-5-4"},{"title":"Accurate representation of time-varying signals using mixed transforms with applications to speech","articleId":"20219","id":"0-0-1-5-5"},{"title":"Efficient modeling of dominant transform components representing time-varying signals","articleId":"20220","id":"0-0-1-5-6"},{"title":"Matching pursuits with time-frequency dictionaries","articleId":"258082","id":"0-0-1-5-7"},{"title":"An analysis/synthesis tool for transient signals that allows a flexible sines+transients+noise model for audio","articleId":"679647","id":"0-0-1-5-8"},{"title":"Resolution in time-frequency","articleId":"747783","id":"0-0-1-5-9"}]}