{"title":"Sparse representations in unions of bases","articleId":"1255564","publisher":"IEEE","doi":"10.1109/TIT.2003.820031","dirStructure":"/The Power of Convex .../Robust uncertainty p.../Greed is good: algor.../Sparse representatio...","authors":"R. Gribonval, M. Nielsen ","referenced_articles":[{"title":"Uncertainty principles and ideal atomic decomposition","articleId":"959265","id":"0-0-5-1-0"},{"title":"A generalized uncertainty principle and sparse representation in pairs of bases","articleId":"1027784","id":"0-0-5-1-1"},{"title":"On sparse representation in pairs of bases","articleId":"1201084","id":"0-0-5-1-2"}]}