{"title":"Lapped multiple bases algorithms for still image compression without blocking effect","articleId":"623194","publisher":"IEEE","doi":"10.1109/83.623194","dirStructure":"/The Power of Convex .../Robust uncertainty p.../Uncertainty principl.../Lapped multiple base...","authors":"V.E. DeBrunner,  Lixiang Chen,  Hong-Jian Li ","referenced_articles":[{"title":"The JPEG still picture compression standard","articleId":"125072","id":"0-0-1-1-0"},{"title":"Residual error formulation and adaptive minimization for representing nonstationary signals using mixed transforms","articleId":"160176","id":"0-0-1-1-1"},{"title":"The LOT: transform coding without blocking effects","articleId":"17536","id":"0-0-1-1-2"},{"title":"Image data compression using multiple bases representation","articleId":"287833","id":"0-0-1-1-3"},{"title":"Application of multitransforms for lossy image representation","articleId":"300208","id":"0-0-1-1-4"},{"title":"Sub-band coding of monochrome and color images","articleId":"1723","id":"0-0-1-1-5"},{"title":"Matching pursuits with time-frequency dictionaries","articleId":"258082","id":"0-0-1-1-6"},{"title":"FFT processor using field programmable gate arrays","articleId":"270295","id":"0-0-1-1-7"}]}