{"title":"Improved sparse approximation over quasiincoherent dictionaries","articleId":"1246892","publisher":"IEEE","doi":"10.1109/ICIP.2003.1246892","dirStructure":"/The Power of Convex .../Robust uncertainty p.../Greed is good: algor.../Improved sparse appr...","authors":"J.A. Tropp, A.C. Gilbert, S. Muthukrishnan, M.J. Strauss ","referenced_articles":[{"title":"Matching pursuits with time-frequency dictionaries","articleId":"258082","id":"0-0-5-8-0"},{"title":"Uncertainty principles and ideal atomic decomposition","articleId":"959265","id":"0-0-5-8-1"}]}