{"title":"Sampling of communication systems with bandwidth expansion","articleId":"997119","publisher":"IEEE","doi":"10.1109/ICC.2002.997119","dirStructure":"/The Power of Convex .../Robust uncertainty p.../Sampling signals wit.../Sampling of communic...","authors":"J. Kusuma, A. Ridolfi, M. Vetterli ","referenced_articles":[{"title":"Sampling-50 years after Shannon","articleId":"843002","id":"0-0-7-2-0"},{"title":"ESPRIT-estimation of signal parameters via rotational invariance techniques","articleId":"32276","id":"0-0-7-2-1"}]}