{"title":"On sparse representation in pairs of bases","articleId":"1201084","publisher":"IEEE","doi":"10.1109/TIT.2003.811926","dirStructure":"/The Power of Convex .../Robust uncertainty p.../On sparse representa...","authors":"A. Feuer, A. Nemirovski ","referenced_articles":[{"title":"A generalized uncertainty principle and sparse representation in pairs of bases","articleId":"1027784","id":"0-0-3-0"},{"title":"Uncertainty principles and ideal atomic decomposition","articleId":"959265","id":"0-0-3-1"}]}