{"title":"Greed is good: algorithmic results for sparse approximation","articleId":"1337101","publisher":"IEEE","doi":"10.1109/TIT.2004.834793","dirStructure":"/The Power of Convex .../Robust uncertainty p.../Greed is good: algor...","authors":"J.A. Tropp ","referenced_articles":[{"title":"A generalized uncertainty principle and sparse representation in pairs of bases","articleId":"1027784","id":"0-0-5-0"},{"title":"Sparse representations in unions of bases","articleId":"1255564","id":"0-0-5-1"},{"title":"Matching pursuits with time-frequency dictionaries","articleId":"258082","id":"0-0-5-2"},{"title":"Orthogonal matching pursuit: recursive function approximation with applications to wavelet decomposition","articleId":"342465","id":"0-0-5-3"},{"title":"On quasi-orthogonal signatures for CDMA systems","articleId":"1603787","id":"0-0-5-4"},{"title":"Uncertainty principles and ideal atomic decomposition","articleId":"959265","id":"0-0-5-5"},{"title":"Entropy-based algorithms for best basis selection","articleId":"119732","id":"0-0-5-6"},{"title":"On sparse representation in pairs of bases","articleId":"1201084","id":"0-0-5-7"},{"title":"Improved sparse approximation over quasiincoherent dictionaries","articleId":"1246892","id":"0-0-5-8"}]}