{"title":"Convergence of EM image reconstruction algorithms with Gibbs smoothing","articleId":"61759","publisher":"IEEE","doi":"10.1109/42.61759","dirStructure":"/The Power of Convex .../Robust uncertainty p.../A fast and accurate .../Convergence of EM im...","authors":"K. Lange ","referenced_articles":[{"title":"Maximum Likelihood Reconstruction for Emission Tomography","articleId":"4307558","id":"0-0-0-5-0"},{"title":"Fast MLE for SPECT using an intermediate polar representation and a stopping criterion","articleId":"12798","id":"0-0-0-5-1"},{"title":"Feasible images and practical stopping rules for iterative algorithms in emission tomography","articleId":"24867","id":"0-0-0-5-2"},{"title":"A generalized EM algorithm for 3-D Bayesian reconstruction from Poisson data using Gibbs priors","articleId":"24868","id":"0-0-0-5-3"},{"title":"Stochastic Relaxation, Gibbs Distributions, and the Bayesian Restoration of Images","articleId":"4767596","id":"0-0-0-5-4"},{"title":"A Theoretical Study of Some Maximum Likelihood Algorithms for Emission and Transmission Tomography","articleId":"4307810","id":"0-0-0-5-5"},{"title":"Implementing and Accelerating the EM Algorithm for Positron Emission Tomography","articleId":"4307796","id":"0-0-0-5-6"}]}