{"title":"Stochastic Relaxation, Gibbs Distributions, and the Bayesian Restoration of Images","articleId":"4767596","publisher":"IEEE","doi":"10.1109/TPAMI.1984.4767596","dirStructure":"/The Power of Convex .../Robust uncertainty p.../A fast and accurate .../Stochastic Relaxatio...","authors":"Stuart Geman, Donald Geman ","referenced_articles":[{"title":"Classification of binary random patterns","articleId":"1053827","id":"0-0-0-6-0"},{"title":"Digital image restoration using spatial interaction models","articleId":"1163911","id":"0-0-0-6-1"},{"title":"Multiple-Window Parallel Adaptive Boundary Finding in Computer Vision","articleId":"4767392","id":"0-0-0-6-2"},{"title":"Markov Random Field Texture Models","articleId":"4767341","id":"0-0-0-6-3"},{"title":"Two-dimensional Bayesian estimate of images","articleId":"1450717","id":"0-0-0-6-4"},{"title":"On the Foundations of Relaxation Labeling Processes","articleId":"4767390","id":"0-0-0-6-5"},{"title":"Bayesian Methods in Nonlinear Digital Image Restoration","articleId":"1674810","id":"0-0-0-6-6"},{"title":"Advances in mathematical models for image processing","articleId":"1456289","id":"0-0-0-6-7"},{"title":"Image Restoration, Modelling, and Reduction of Dimensionality","articleId":"1672562","id":"0-0-0-6-8"},{"title":"Prior Probabilities","articleId":"4082152","id":"0-0-0-6-9"},{"title":"Estimation and choice of neighbors in spatial-interaction models of images","articleId":"1056610","id":"0-0-0-6-10"},{"title":"Scene Labeling by Relaxation Operations","articleId":"4309519","id":"0-0-0-6-11"},{"title":"The relationship between image restoration by the maximum a posteriori method and a maximum entropy method","articleId":"1163348","id":"0-0-0-6-12"},{"title":"Two-dimensional discrete Markovian fields","articleId":"1054786","id":"0-0-0-6-13"}]}