{"title":"A fast and accurate Fourier algorithm for iterative parallel-beam tomography","articleId":"495957","publisher":"IEEE","doi":"10.1109/83.495957","dirStructure":"/The Power of Convex .../Robust uncertainty p.../A fast and accurate ...","authors":"A.H. Delaney, Y. Bresler ","referenced_articles":[{"title":"Reconstruction algorithms: Transform methods","articleId":"1456865","id":"0-0-0-0"},{"title":"Error bounds for iterative reprojection methods in computerized tomography","articleId":"1169768","id":"0-0-0-1"},{"title":"Finite series-expansion reconstruction methods","articleId":"1456866","id":"0-0-0-2"},{"title":"Constrained restoration and the recovery of discontinuities","articleId":"120331","id":"0-0-0-3"},{"title":"Bayesian reconstructions from emission tomography data using a modified EM algorithm","articleId":"52985","id":"0-0-0-4"},{"title":"Convergence of EM image reconstruction algorithms with Gibbs smoothing","articleId":"61759","id":"0-0-0-5"},{"title":"Stochastic Relaxation, Gibbs Distributions, and the Bayesian Restoration of Images","articleId":"4767596","id":"0-0-0-6"},{"title":"A local update strategy for iterative reconstruction from projections","articleId":"193196","id":"0-0-0-7"},{"title":"Preconditioning methods for improved convergence rates in iterative reconstructions","articleId":"222670","id":"0-0-0-8"},{"title":"B-spline signal processing. I. Theory","articleId":"193220","id":"0-0-0-9"},{"title":"Bayesian estimation of transmission tomograms using segmentation based optimization","articleId":"159774","id":"0-0-0-10"},{"title":"Simulation evaluation of Gibbs prior distributions for use in maximum a posteriori SPECT reconstructions","articleId":"141651","id":"0-0-0-11"},{"title":"A generalized Gaussian image model for edge-preserving MAP estimation","articleId":"236536","id":"0-0-0-12"},{"title":"A Bayesian approach to image expansion for improved definition","articleId":"287017","id":"0-0-0-13"}]}