{"title":"Bayesian reconstructions from emission tomography data using a modified EM algorithm","articleId":"52985","publisher":"IEEE","doi":"10.1109/42.52985","dirStructure":"/The Power of Convex .../Robust uncertainty p.../A fast and accurate .../Bayesian reconstruct...","authors":"P.J. Green ","referenced_articles":[{"title":"Inverse Monte Carlo: A Unified Reconstruction Algorithm for SPECT","articleId":"4336940","id":"0-0-0-4-0"},{"title":"Stochastic Relaxation, Gibbs Distributions, and the Bayesian Restoration of Images","articleId":"4767596","id":"0-0-0-4-1"},{"title":"SPECT: Single Photon Emission Computed Tomography","articleId":"4330986","id":"0-0-0-4-2"},{"title":"Implementing and Accelerating the EM Algorithm for Positron Emission Tomography","articleId":"4307796","id":"0-0-0-4-3"},{"title":"A Theoretical Study of Some Maximum Likelihood Algorithms for Emission and Transmission Tomography","articleId":"4307810","id":"0-0-0-4-4"},{"title":"A Maximum a Posteriori Probability Expectation Maximization Algorithm for Image Reconstruction in Emission Tomography","articleId":"4307826","id":"0-0-0-4-5"},{"title":"Accelerated Iterative Reconstruction for Positron Emission Tomography Based on the EM Algorithm for Maximum Likelihood Estimation","articleId":"4307734","id":"0-0-0-4-6"},{"title":"Maximum Likelihood Reconstruction for Emission Tomography","articleId":"4307558","id":"0-0-0-4-7"},{"title":"The Use of Sieves to Stabilize Images Produced with the EM Algorithm for Emission Tomography","articleId":"4334521","id":"0-0-0-4-8"},{"title":"A Fast Reconstruction Algorthm for Stationary Positron Emission Tomography Based on a Modified EM Algorithm","articleId":"4307809","id":"0-0-0-4-9"},{"title":"Stopping Rule for the MLE Algorithm Based on Statistical Hypothesis Testing","articleId":"4307849","id":"0-0-0-4-10"},{"title":"MLE reconstruction of a brain phantom using a Monte Carlo transition matrix and a statistical stopping rule","articleId":"12795","id":"0-0-0-4-11"}]}