{"title":"Multiple transform algorithms for time-varying signal representation","articleId":"618041","publisher":"IEEE","doi":"10.1109/82.618041","dirStructure":"/The Power of Convex .../Robust uncertainty p.../Uncertainty principl.../Multiple transform a...","authors":"V. DeBrunner,  Wei Lou, J. Thripuraneni ","referenced_articles":[{"title":"Speech analysis/Synthesis based on a sinusoidal representation","articleId":"1164910","id":"0-0-1-2-0"},{"title":"Speech processing with Walsh-Hadamard transforms","articleId":"1162475","id":"0-0-1-2-1"},{"title":"Short-time Fourier analysis of sampled speech","articleId":"1163580","id":"0-0-1-2-2"},{"title":"Enhancement of speech corrupted by acoustic noise","articleId":"1170788","id":"0-0-1-2-3"},{"title":"Accurate representation of time-varying signals using mixed transforms with applications to speech","articleId":"20219","id":"0-0-1-2-4"},{"title":"Efficient modeling of dominant transform components representing time-varying signals","articleId":"20220","id":"0-0-1-2-5"},{"title":"Residual error formulation and adaptive minimization for representing nonstationary signals using mixed transforms","articleId":"160176","id":"0-0-1-2-6"},{"title":"Application of multitransforms for lossy image representation","articleId":"300208","id":"0-0-1-2-7"},{"title":"Adaptive filters with individual adaptation of parameters","articleId":"1085982","id":"0-0-1-2-8"},{"title":"Harmonic coding at 4.8 kb/s","articleId":"115526","id":"0-0-1-2-9"},{"title":"A hybrid model for speech synthesis","articleId":"112422","id":"0-0-1-2-10"},{"title":"Transform domain LMS algorithm","articleId":"1164121","id":"0-0-1-2-11"},{"title":"Matching pursuits with time-frequency dictionaries","articleId":"258082","id":"0-0-1-2-12"}]}