{"title":"A multicoset sampling approach to the missing cone problem in computer-aided tomography","articleId":"541830","publisher":"IEEE","doi":"10.1109/ISCAS.1996.541830","dirStructure":"/The Power of Convex .../Robust uncertainty p.../A multicoset samplin...","authors":" Ping Feng,  Sze Fong Yau, Y. Bresler ","referenced_articles":[{"title":"Tomographic Image Reconstruction from Incomplete View Data by Convex Projections and Direct Fourier Inversion","articleId":"4307661","id":"0-0-6-0"},{"title":"A comparative study of three reconstruction methods for a limited-view computer tomography problem","articleId":"20360","id":"0-0-6-1"}]}