{"title":"A generalized uncertainty principle and sparse representation in pairs of bases","articleId":"1027784","publisher":"IEEE","doi":"10.1109/TIT.2002.801410","dirStructure":"/The Power of Convex .../Robust uncertainty p.../A generalized uncert...","authors":"M. Elad, A.M. Bruckstein ","referenced_articles":[{"title":"Matching pursuits with time-frequency dictionaries","articleId":"258082","id":"0-0-2-0"},{"title":"Uncertainty principles and ideal atomic decomposition","articleId":"959265","id":"0-0-2-1"}]}