{"title":"Uncertainty principles and ideal atomic decomposition","articleId":"959265","publisher":"IEEE","doi":"10.1109/18.959265","dirStructure":"/The Power of Convex .../Robust uncertainty p.../On sparse representa.../Uncertainty principl...","authors":"D.L. Donoho, X. Huo ","referenced_articles":[{"title":"A survey of mixed transform techniques for speech and image coding","articleId":"779953","id":"0-0-3-1-0"},{"title":"Lapped multiple bases algorithms for still image compression without blocking effect","articleId":"623194","id":"0-0-3-1-1"},{"title":"Multiple transform algorithms for time-varying signal representation","articleId":"618041","id":"0-0-3-1-2"},{"title":"Matching pursuits with time-frequency dictionaries","articleId":"258082","id":"0-0-3-1-3"},{"title":"Accurate representation of time-varying signals using mixed transforms with applications to speech","articleId":"20219","id":"0-0-3-1-4"},{"title":"Using a new uncertainty measure to determine optimal bases for signal representations","articleId":"756234","id":"0-0-3-1-5"}]}