{"title":"Constrained restoration and the recovery of discontinuities","articleId":"120331","publisher":"IEEE","doi":"10.1109/34.120331","dirStructure":"/The Power of Convex .../Robust uncertainty p.../A fast and accurate .../Constrained restorat...","authors":"D. Geman, G. Reynolds ","referenced_articles":[{"title":"Modeling and Segmentation of Noisy and Textured Images Using Gibbs Random Fields","articleId":"4767871","id":"0-0-0-3-0"},{"title":"A common framework for image segmentation","articleId":"118154","id":"0-0-0-3-1"},{"title":"A renormalization group approach to image processing problems","articleId":"16712","id":"0-0-0-3-2"},{"title":"Bayesian reconstructions from emission tomography data using a modified EM algorithm","articleId":"52985","id":"0-0-0-3-3"},{"title":"Generalized graduated nonconvexity algorithm for maximum a posteriori image estimation","articleId":"119342","id":"0-0-0-3-4"},{"title":"Regularization of discontinuous flow fields","articleId":"47097","id":"0-0-0-3-5"},{"title":"Regularization of Inverse Visual Problems Involving Discontinuities","articleId":"4767807","id":"0-0-0-3-6"},{"title":"A study of methods of choosing the smoothing parameter in image restoration by regularization","articleId":"88568","id":"0-0-0-3-7"}]}