{"title":"Simulation evaluation of Gibbs prior distributions for use in maximum a posteriori SPECT reconstructions","articleId":"141651","publisher":"IEEE","doi":"10.1109/42.141651","dirStructure":"/The Power of Convex .../Robust uncertainty p.../A fast and accurate .../Simulation evaluatio...","authors":"D.S. Lalush, B.M.W. Tsui ","referenced_articles":[{"title":"Stochastic Relaxation, Gibbs Distributions, and the Bayesian Restoration of Images","articleId":"4767596","id":"0-0-0-11-0"},{"title":"Bayesian reconstructions from emission tomography data using a modified EM algorithm","articleId":"52985","id":"0-0-0-11-1"},{"title":"A generalized EM algorithm for 3-D Bayesian reconstruction from Poisson data using Gibbs priors","articleId":"24868","id":"0-0-0-11-2"},{"title":"A Maximum a Posteriori Probability Expectation Maximization Algorithm for Image Reconstruction in Emission Tomography","articleId":"4307826","id":"0-0-0-11-3"},{"title":"On Bayesian image reconstruction from projections: uniform and nonuniform a priori source information","articleId":"34711","id":"0-0-0-11-4"},{"title":"Convergence of EM image reconstruction algorithms with Gibbs smoothing","articleId":"61759","id":"0-0-0-11-5"}]}