{"title":"Bayesian estimation of transmission tomograms using segmentation based optimization","articleId":"159774","publisher":"IEEE","doi":"10.1109/23.159774","dirStructure":"/The Power of Convex .../Robust uncertainty p.../A fast and accurate .../Bayesian estimation ...","authors":"K. Sauer, C. Bouman ","referenced_articles":[{"title":"Towards Imaging the Beating Heart Usefully with a Conventional CT Scanner","articleId":"4121175","id":"0-0-0-10-0"},{"title":"Reconstruction of Fuel Pin Bundles by a Maximum Entropy Method","articleId":"4330512","id":"0-0-0-10-1"},{"title":"Image Reconstruction with Limited Angle Projection Data","articleId":"4330507","id":"0-0-0-10-2"},{"title":"The Use of Sieves to Stabilize Images Produced with the EM Algorithm for Emission Tomography","articleId":"4334521","id":"0-0-0-10-3"},{"title":"A generalized EM algorithm for 3-D Bayesian reconstruction from Poisson data using Gibbs priors","articleId":"24868","id":"0-0-0-10-4"},{"title":"Bayesian reconstructions from emission tomography data using a modified EM algorithm","articleId":"52985","id":"0-0-0-10-5"},{"title":"A local update strategy for iterative reconstruction from projections","articleId":"193196","id":"0-0-0-10-6"},{"title":"Stochastic Relaxation, Gibbs Distributions, and the Bayesian Restoration of Images","articleId":"4767596","id":"0-0-0-10-7"}]}